﻿<?xml version="1.0" encoding="UTF-8"?>
<manifest identifier="D2L_168724" xmlns:d2l_2p0="http://desire2learn.com/xsd/d2lcp_v2p0" xmlns:scorm_1p2="http://www.adlnet.org/xsd/adlcp_rootv1p2" xmlns:imsmd="http://www.imsglobal.org/xsd/imsmd_rootv1p2p1" xmlns="http://www.imsglobal.org/xsd/imscp_v1p1">
    <metadata>
        <imsmd:lom>
            <imsmd:general>
                <imsmd:title>
                    <imsmd:langstring xml:lang="en-gb">22S2-IT2566 - INFOSECURITY PROJECT</imsmd:langstring>
                </imsmd:title>
                <imsmd:keyword>
                    <imsmd:langstring xml:lang="en-gb">22S2-IT2566</imsmd:langstring>
                </imsmd:keyword>
                <imsmd:language>en-gb</imsmd:language>
            </imsmd:general>
        </imsmd:lom>
    </metadata>
    <resources>
        <resource identifier="res_question_library" type="webcontent" d2l_2p0:material_type="d2lquestionlibrary" d2l_2p0:link_target="" href="questiondb.xml" title="Question Library" />
    </resources>
</manifest>