﻿<?xml version="1.0" encoding="UTF-8"?><questestinterop><objectbank ident="QLIB_168724" xmlns:d2l_2p0="http://desire2learn.com/xsd/d2lcp_v2p0"><section d2l_2p0:id="1" ident="SECT_7763228" title="Dummy quiz for FYP"><sectionproc_extension><d2l_2p0:display_section_name>yes</d2l_2p0:display_section_name><d2l_2p0:display_section_line>no</d2l_2p0:display_section_line><d2l_2p0:type_display_section>1</d2l_2p0:type_display_section></sectionproc_extension><item d2l_2p0:id="2" ident="OBJ_7126415" label="QUES_3911298_4034459" d2l_2p0:page="1"><itemmetadata><qtimetadata><qti_metadatafield><fieldlabel>qmd_computerscored</fieldlabel><fieldentry>yes</fieldentry></qti_metadatafield><qti_metadatafield><fieldlabel>qmd_questiontype</fieldlabel><fieldentry>True/False</fieldentry></qti_metadatafield><qti_metadatafield><fieldlabel>qmd_weighting</fieldlabel><fieldentry>1.000000000</fieldentry></qti_metadatafield><qti_metadatafield><fieldlabel>qmd_globalid</fieldlabel><fieldentry>50f9194b-81c7-4fe4-bcf8-744adf7d7492</fieldentry></qti_metadatafield><qti_metadatafield><fieldlabel>qmd_displayid</fieldlabel><fieldentry>22S2-IT2566-1</fieldentry></qti_metadatafield></qtimetadata></itemmetadata><itemproc_extension><d2l_2p0:difficulty>1</d2l_2p0:difficulty><d2l_2p0:isbonus>no</d2l_2p0:isbonus><d2l_2p0:ismandatory>no</d2l_2p0:ismandatory></itemproc_extension><presentation><flow><material><mattext texttype="text/html">&lt;p&gt;Is 1 true or false?&lt;/p&gt;</mattext></material><response_extension><d2l_2p0:display_style>2</d2l_2p0:display_style><d2l_2p0:enumeration>6</d2l_2p0:enumeration><d2l_2p0:grading_type>0</d2l_2p0:grading_type></response_extension><response_lid ident="QUES_3911298_4034459_LID" rcardinality="Single"><render_choice shuffle="no"><flow_label class="Block"><response_label ident="QUES_3911298_4034459_A14696061"><flow_mat><material><mattext texttype="text/plain">True</mattext></material></flow_mat></response_label></flow_label><flow_label class="Block"><response_label ident="QUES_3911298_4034459_A14696062"><flow_mat><material><mattext texttype="text/plain">False</mattext></material></flow_mat></response_label></flow_label></render_choice></response_lid></flow></presentation><resprocessing><respcondition title="Response Condition 1"><conditionvar><varequal respident="QUES_3911298_4034459_LID">QUES_3911298_4034459_A14696061</varequal></conditionvar><setvar action="Set">100.000000000</setvar><displayfeedback feedbacktype="Response" linkrefid="QUES_3911298_4034459_IF14696061" /></respcondition><respcondition title="Response Condition 2"><conditionvar><varequal respident="QUES_3911298_4034459_LID">QUES_3911298_4034459_A14696062</varequal></conditionvar><setvar action="Set">0.000000000</setvar><displayfeedback feedbacktype="Response" linkrefid="QUES_3911298_4034459_IF14696062" /></respcondition></resprocessing><itemfeedback ident="QUES_3911298_4034459_IF14696061"><material><mattext texttype="text/plain" /></material></itemfeedback><itemfeedback ident="QUES_3911298_4034459_IF14696062"><material><mattext texttype="text/plain" /></material></itemfeedback></item><item d2l_2p0:id="3" ident="OBJ_7126416" label="QUES_3911299_4034460" d2l_2p0:page="1"><itemmetadata><qtimetadata><qti_metadatafield><fieldlabel>qmd_computerscored</fieldlabel><fieldentry>yes</fieldentry></qti_metadatafield><qti_metadatafield><fieldlabel>qmd_questiontype</fieldlabel><fieldentry>True/False</fieldentry></qti_metadatafield><qti_metadatafield><fieldlabel>qmd_weighting</fieldlabel><fieldentry>1.000000000</fieldentry></qti_metadatafield><qti_metadatafield><fieldlabel>qmd_globalid</fieldlabel><fieldentry>04f21393-c9ad-494e-b675-7ab40be839fe</fieldentry></qti_metadatafield><qti_metadatafield><fieldlabel>qmd_displayid</fieldlabel><fieldentry>22S2-IT2566-2</fieldentry></qti_metadatafield></qtimetadata></itemmetadata><itemproc_extension><d2l_2p0:difficulty>1</d2l_2p0:difficulty><d2l_2p0:isbonus>no</d2l_2p0:isbonus><d2l_2p0:ismandatory>no</d2l_2p0:ismandatory></itemproc_extension><presentation><flow><material><mattext texttype="text/html">&lt;p&gt;Is 0 true or false?&lt;/p&gt;</mattext></material><response_extension><d2l_2p0:display_style>2</d2l_2p0:display_style><d2l_2p0:enumeration>6</d2l_2p0:enumeration><d2l_2p0:grading_type>0</d2l_2p0:grading_type></response_extension><response_lid ident="QUES_3911299_4034460_LID" rcardinality="Single"><render_choice shuffle="no"><flow_label class="Block"><response_label ident="QUES_3911299_4034460_A14696063"><flow_mat><material><mattext texttype="text/plain">True</mattext></material></flow_mat></response_label></flow_label><flow_label class="Block"><response_label ident="QUES_3911299_4034460_A14696064"><flow_mat><material><mattext texttype="text/plain">False</mattext></material></flow_mat></response_label></flow_label></render_choice></response_lid></flow></presentation><resprocessing><respcondition title="Response Condition 1"><conditionvar><varequal respident="QUES_3911299_4034460_LID">QUES_3911299_4034460_A14696063</varequal></conditionvar><setvar action="Set">0.000000000</setvar><displayfeedback feedbacktype="Response" linkrefid="QUES_3911299_4034460_IF14696063" /></respcondition><respcondition title="Response Condition 2"><conditionvar><varequal respident="QUES_3911299_4034460_LID">QUES_3911299_4034460_A14696064</varequal></conditionvar><setvar action="Set">100.000000000</setvar><displayfeedback feedbacktype="Response" linkrefid="QUES_3911299_4034460_IF14696064" /></respcondition></resprocessing><itemfeedback ident="QUES_3911299_4034460_IF14696063"><material><mattext texttype="text/plain" /></material></itemfeedback><itemfeedback ident="QUES_3911299_4034460_IF14696064"><material><mattext texttype="text/plain" /></material></itemfeedback></item><item d2l_2p0:id="4" ident="OBJ_7126419" label="QUES_3911300_4034461" d2l_2p0:page="1"><itemmetadata><qtimetadata><qti_metadatafield><fieldlabel>qmd_computerscored</fieldlabel><fieldentry>yes</fieldentry></qti_metadatafield><qti_metadatafield><fieldlabel>qmd_questiontype</fieldlabel><fieldentry>True/False</fieldentry></qti_metadatafield><qti_metadatafield><fieldlabel>qmd_weighting</fieldlabel><fieldentry>1.000000000</fieldentry></qti_metadatafield><qti_metadatafield><fieldlabel>qmd_globalid</fieldlabel><fieldentry>bf103c01-f46d-41a5-a49c-bd5b403da3e3</fieldentry></qti_metadatafield><qti_metadatafield><fieldlabel>qmd_displayid</fieldlabel><fieldentry>22S2-IT2566-3</fieldentry></qti_metadatafield></qtimetadata></itemmetadata><itemproc_extension><d2l_2p0:difficulty>1</d2l_2p0:difficulty><d2l_2p0:isbonus>no</d2l_2p0:isbonus><d2l_2p0:ismandatory>no</d2l_2p0:ismandatory></itemproc_extension><presentation><flow><material><mattext texttype="text/html">&lt;p&gt;What does 1 AND 1 evaluate to?&lt;/p&gt;</mattext></material><response_extension><d2l_2p0:display_style>2</d2l_2p0:display_style><d2l_2p0:enumeration>6</d2l_2p0:enumeration><d2l_2p0:grading_type>0</d2l_2p0:grading_type></response_extension><response_lid ident="QUES_3911300_4034461_LID" rcardinality="Single"><render_choice shuffle="no"><flow_label class="Block"><response_label ident="QUES_3911300_4034461_A14696065"><flow_mat><material><mattext texttype="text/plain">True</mattext></material></flow_mat></response_label></flow_label><flow_label class="Block"><response_label ident="QUES_3911300_4034461_A14696066"><flow_mat><material><mattext texttype="text/plain">False</mattext></material></flow_mat></response_label></flow_label></render_choice></response_lid></flow></presentation><resprocessing><respcondition title="Response Condition 1"><conditionvar><varequal respident="QUES_3911300_4034461_LID">QUES_3911300_4034461_A14696065</varequal></conditionvar><setvar action="Set">100.000000000</setvar><displayfeedback feedbacktype="Response" linkrefid="QUES_3911300_4034461_IF14696065" /></respcondition><respcondition title="Response Condition 2"><conditionvar><varequal respident="QUES_3911300_4034461_LID">QUES_3911300_4034461_A14696066</varequal></conditionvar><setvar action="Set">0.000000000</setvar><displayfeedback feedbacktype="Response" linkrefid="QUES_3911300_4034461_IF14696066" /></respcondition></resprocessing><itemfeedback ident="QUES_3911300_4034461_IF14696065"><material><mattext texttype="text/plain" /></material></itemfeedback><itemfeedback ident="QUES_3911300_4034461_IF14696066"><material><mattext texttype="text/plain" /></material></itemfeedback></item><item d2l_2p0:id="5" ident="OBJ_7126420" label="QUES_3911301_4034463" d2l_2p0:page="1"><itemmetadata><qtimetadata><qti_metadatafield><fieldlabel>qmd_computerscored</fieldlabel><fieldentry>yes</fieldentry></qti_metadatafield><qti_metadatafield><fieldlabel>qmd_questiontype</fieldlabel><fieldentry>Multiple Choice</fieldentry></qti_metadatafield><qti_metadatafield><fieldlabel>qmd_weighting</fieldlabel><fieldentry>1.000000000</fieldentry></qti_metadatafield><qti_metadatafield><fieldlabel>qmd_globalid</fieldlabel><fieldentry>29bc60fa-7339-4cc9-9e8c-bddbaeb35012</fieldentry></qti_metadatafield><qti_metadatafield><fieldlabel>qmd_displayid</fieldlabel><fieldentry>22S2-IT2566-4</fieldentry></qti_metadatafield></qtimetadata></itemmetadata><itemproc_extension><d2l_2p0:difficulty>1</d2l_2p0:difficulty><d2l_2p0:isbonus>no</d2l_2p0:isbonus><d2l_2p0:ismandatory>no</d2l_2p0:ismandatory></itemproc_extension><presentation><flow><material><mattext texttype="text/html">&lt;p&gt;Who was the first Prime Minster of Singapore?&lt;/p&gt;</mattext></material><response_extension><d2l_2p0:display_style>2</d2l_2p0:display_style><d2l_2p0:enumeration>6</d2l_2p0:enumeration><d2l_2p0:grading_type>0</d2l_2p0:grading_type></response_extension><response_lid ident="QUES_3911301_4034463_LID" rcardinality="Single"><render_choice shuffle="yes"><flow_label class="Block"><response_label ident="QUES_3911301_4034463_A14696075"><flow_mat><material><mattext texttype="text/html">&lt;p&gt;Lee Kuan Yew&lt;/p&gt;</mattext></material></flow_mat></response_label></flow_label><flow_label class="Block"><response_label ident="QUES_3911301_4034463_A14696076"><flow_mat><material><mattext texttype="text/html">&lt;p&gt;Lee Hsien Loong&lt;/p&gt;</mattext></material></flow_mat></response_label></flow_label><flow_label class="Block"><response_label ident="QUES_3911301_4034463_A14696077"><flow_mat><material><mattext texttype="text/html">&lt;p&gt;Yusof Ishak&lt;/p&gt;</mattext></material></flow_mat></response_label></flow_label><flow_label class="Block"><response_label ident="QUES_3911301_4034463_A14696078"><flow_mat><material><mattext texttype="text/html">&lt;p&gt;Devan Nair&lt;/p&gt;</mattext></material></flow_mat></response_label></flow_label></render_choice></response_lid></flow></presentation><resprocessing><respcondition title="Response Condition 1"><conditionvar><varequal respident="QUES_3911301_4034463_LID">QUES_3911301_4034463_A14696075</varequal></conditionvar><setvar action="Set">100.000000000</setvar><displayfeedback feedbacktype="Response" linkrefid="QUES_3911301_4034463_IF14696075" /></respcondition><respcondition title="Response Condition 2"><conditionvar><varequal respident="QUES_3911301_4034463_LID">QUES_3911301_4034463_A14696076</varequal></conditionvar><setvar action="Set">0.000000000</setvar><displayfeedback feedbacktype="Response" linkrefid="QUES_3911301_4034463_IF14696076" /></respcondition><respcondition title="Response Condition 3"><conditionvar><varequal respident="QUES_3911301_4034463_LID">QUES_3911301_4034463_A14696077</varequal></conditionvar><setvar action="Set">0.000000000</setvar><displayfeedback feedbacktype="Response" linkrefid="QUES_3911301_4034463_IF14696077" /></respcondition><respcondition title="Response Condition 4"><conditionvar><varequal respident="QUES_3911301_4034463_LID">QUES_3911301_4034463_A14696078</varequal></conditionvar><setvar action="Set">0.000000000</setvar><displayfeedback feedbacktype="Response" linkrefid="QUES_3911301_4034463_IF14696078" /></respcondition></resprocessing><itemfeedback ident="QUES_3911301_4034463_IF14696075"><material><mattext texttype="text/plain" /></material></itemfeedback><itemfeedback ident="QUES_3911301_4034463_IF14696076"><material><mattext texttype="text/plain" /></material></itemfeedback><itemfeedback ident="QUES_3911301_4034463_IF14696077"><material><mattext texttype="text/plain" /></material></itemfeedback><itemfeedback ident="QUES_3911301_4034463_IF14696078"><material><mattext texttype="text/plain" /></material></itemfeedback></item><item d2l_2p0:id="6" ident="OBJ_7126422" label="QUES_3911302_4034464" d2l_2p0:page="1"><itemmetadata><qtimetadata><qti_metadatafield><fieldlabel>qmd_computerscored</fieldlabel><fieldentry>yes</fieldentry></qti_metadatafield><qti_metadatafield><fieldlabel>qmd_questiontype</fieldlabel><fieldentry>Multiple Choice</fieldentry></qti_metadatafield><qti_metadatafield><fieldlabel>qmd_weighting</fieldlabel><fieldentry>1.000000000</fieldentry></qti_metadatafield><qti_metadatafield><fieldlabel>qmd_globalid</fieldlabel><fieldentry>7c19f47a-3aaa-4fe9-a2a2-63b262590b54</fieldentry></qti_metadatafield><qti_metadatafield><fieldlabel>qmd_displayid</fieldlabel><fieldentry>22S2-IT2566-5</fieldentry></qti_metadatafield></qtimetadata></itemmetadata><itemproc_extension><d2l_2p0:difficulty>1</d2l_2p0:difficulty><d2l_2p0:isbonus>no</d2l_2p0:isbonus><d2l_2p0:ismandatory>no</d2l_2p0:ismandatory></itemproc_extension><presentation><flow><material><mattext texttype="text/html">&lt;p&gt;Who was the first President of Singapore?&lt;/p&gt;</mattext></material><response_extension><d2l_2p0:display_style>2</d2l_2p0:display_style><d2l_2p0:enumeration>6</d2l_2p0:enumeration><d2l_2p0:grading_type>0</d2l_2p0:grading_type></response_extension><response_lid ident="QUES_3911302_4034464_LID" rcardinality="Single"><render_choice shuffle="yes"><flow_label class="Block"><response_label ident="QUES_3911302_4034464_A14696079"><flow_mat><material><mattext texttype="text/html">&lt;p&gt;Lee Kuan Yew&lt;/p&gt;</mattext></material></flow_mat></response_label></flow_label><flow_label class="Block"><response_label ident="QUES_3911302_4034464_A14696080"><flow_mat><material><mattext texttype="text/html">&lt;p&gt;Lee Hsien Loong&lt;/p&gt;</mattext></material></flow_mat></response_label></flow_label><flow_label class="Block"><response_label ident="QUES_3911302_4034464_A14696081"><flow_mat><material><mattext texttype="text/html">&lt;p&gt;Yusof Ishak&lt;/p&gt;</mattext></material></flow_mat></response_label></flow_label><flow_label class="Block"><response_label ident="QUES_3911302_4034464_A14696082"><flow_mat><material><mattext texttype="text/html">&lt;p&gt;Devan Nair&lt;/p&gt;</mattext></material></flow_mat></response_label></flow_label></render_choice></response_lid></flow></presentation><resprocessing><respcondition title="Response Condition 1"><conditionvar><varequal respident="QUES_3911302_4034464_LID">QUES_3911302_4034464_A14696079</varequal></conditionvar><setvar action="Set">0.000000000</setvar><displayfeedback feedbacktype="Response" linkrefid="QUES_3911302_4034464_IF14696079" /></respcondition><respcondition title="Response Condition 2"><conditionvar><varequal respident="QUES_3911302_4034464_LID">QUES_3911302_4034464_A14696080</varequal></conditionvar><setvar action="Set">0.000000000</setvar><displayfeedback feedbacktype="Response" linkrefid="QUES_3911302_4034464_IF14696080" /></respcondition><respcondition title="Response Condition 3"><conditionvar><varequal respident="QUES_3911302_4034464_LID">QUES_3911302_4034464_A14696081</varequal></conditionvar><setvar action="Set">100.000000000</setvar><displayfeedback feedbacktype="Response" linkrefid="QUES_3911302_4034464_IF14696081" /></respcondition><respcondition title="Response Condition 4"><conditionvar><varequal respident="QUES_3911302_4034464_LID">QUES_3911302_4034464_A14696082</varequal></conditionvar><setvar action="Set">0.000000000</setvar><displayfeedback feedbacktype="Response" linkrefid="QUES_3911302_4034464_IF14696082" /></respcondition></resprocessing><itemfeedback ident="QUES_3911302_4034464_IF14696079"><material><mattext texttype="text/plain" /></material></itemfeedback><itemfeedback ident="QUES_3911302_4034464_IF14696080"><material><mattext texttype="text/plain" /></material></itemfeedback><itemfeedback ident="QUES_3911302_4034464_IF14696081"><material><mattext texttype="text/plain" /></material></itemfeedback><itemfeedback ident="QUES_3911302_4034464_IF14696082"><material><mattext texttype="text/plain" /></material></itemfeedback></item><item d2l_2p0:id="7" ident="OBJ_7126423" label="QUES_3911303_4034471" d2l_2p0:page="1"><itemmetadata><qtimetadata><qti_metadatafield><fieldlabel>qmd_computerscored</fieldlabel><fieldentry>yes</fieldentry></qti_metadatafield><qti_metadatafield><fieldlabel>qmd_questiontype</fieldlabel><fieldentry>Multiple Choice</fieldentry></qti_metadatafield><qti_metadatafield><fieldlabel>qmd_weighting</fieldlabel><fieldentry>1.000000000</fieldentry></qti_metadatafield><qti_metadatafield><fieldlabel>qmd_globalid</fieldlabel><fieldentry>7f893d10-3b73-4583-854a-24d4483f2b55</fieldentry></qti_metadatafield><qti_metadatafield><fieldlabel>qmd_displayid</fieldlabel><fieldentry>22S2-IT2566-6</fieldentry></qti_metadatafield></qtimetadata></itemmetadata><itemproc_extension><d2l_2p0:difficulty>1</d2l_2p0:difficulty><d2l_2p0:isbonus>no</d2l_2p0:isbonus><d2l_2p0:ismandatory>no</d2l_2p0:ismandatory></itemproc_extension><presentation><flow><material><mattext texttype="text/html">&lt;p&gt;When did Singapore gain Independence?&lt;/p&gt;</mattext></material><response_extension><d2l_2p0:display_style>2</d2l_2p0:display_style><d2l_2p0:enumeration>6</d2l_2p0:enumeration><d2l_2p0:grading_type>0</d2l_2p0:grading_type></response_extension><response_lid ident="QUES_3911303_4034471_LID" rcardinality="Single"><render_choice shuffle="no"><flow_label class="Block"><response_label ident="QUES_3911303_4034471_A14696099"><flow_mat><material><mattext texttype="text/html">&lt;p&gt;1819&lt;/p&gt;</mattext></material></flow_mat></response_label></flow_label><flow_label class="Block"><response_label ident="QUES_3911303_4034471_A14696100"><flow_mat><material><mattext texttype="text/html">&lt;p&gt;1918&lt;/p&gt;</mattext></material></flow_mat></response_label></flow_label><flow_label class="Block"><response_label ident="QUES_3911303_4034471_A14696101"><flow_mat><material><mattext texttype="text/html">&lt;p&gt;1963&lt;/p&gt;</mattext></material></flow_mat></response_label></flow_label><flow_label class="Block"><response_label ident="QUES_3911303_4034471_A14696102"><flow_mat><material><mattext texttype="text/html">&lt;p&gt;1965&lt;/p&gt;</mattext></material></flow_mat></response_label></flow_label></render_choice></response_lid></flow></presentation><resprocessing><respcondition title="Response Condition 1"><conditionvar><varequal respident="QUES_3911303_4034471_LID">QUES_3911303_4034471_A14696099</varequal></conditionvar><setvar action="Set">0.000000000</setvar><displayfeedback feedbacktype="Response" linkrefid="QUES_3911303_4034471_IF14696099" /></respcondition><respcondition title="Response Condition 2"><conditionvar><varequal respident="QUES_3911303_4034471_LID">QUES_3911303_4034471_A14696100</varequal></conditionvar><setvar action="Set">0.000000000</setvar><displayfeedback feedbacktype="Response" linkrefid="QUES_3911303_4034471_IF14696100" /></respcondition><respcondition title="Response Condition 3"><conditionvar><varequal respident="QUES_3911303_4034471_LID">QUES_3911303_4034471_A14696101</varequal></conditionvar><setvar action="Set">0.000000000</setvar><displayfeedback feedbacktype="Response" linkrefid="QUES_3911303_4034471_IF14696101" /></respcondition><respcondition title="Response Condition 4"><conditionvar><varequal respident="QUES_3911303_4034471_LID">QUES_3911303_4034471_A14696102</varequal></conditionvar><setvar action="Set">100.000000000</setvar><displayfeedback feedbacktype="Response" linkrefid="QUES_3911303_4034471_IF14696102" /></respcondition></resprocessing><itemfeedback ident="QUES_3911303_4034471_IF14696099"><material><mattext texttype="text/plain" /></material></itemfeedback><itemfeedback ident="QUES_3911303_4034471_IF14696100"><material><mattext texttype="text/plain" /></material></itemfeedback><itemfeedback ident="QUES_3911303_4034471_IF14696101"><material><mattext texttype="text/plain" /></material></itemfeedback><itemfeedback ident="QUES_3911303_4034471_IF14696102"><material><mattext texttype="text/plain" /></material></itemfeedback></item><item d2l_2p0:id="8" ident="OBJ_7126424" label="QUES_3911304_4034468" d2l_2p0:page="1"><itemmetadata><qtimetadata><qti_metadatafield><fieldlabel>qmd_computerscored</fieldlabel><fieldentry>yes</fieldentry></qti_metadatafield><qti_metadatafield><fieldlabel>qmd_questiontype</fieldlabel><fieldentry>Multi-Select</fieldentry></qti_metadatafield><qti_metadatafield><fieldlabel>qmd_weighting</fieldlabel><fieldentry>1.000000000</fieldentry></qti_metadatafield><qti_metadatafield><fieldlabel>qmd_globalid</fieldlabel><fieldentry>36d712aa-0d09-43fb-b5f0-59b27d101077</fieldentry></qti_metadatafield><qti_metadatafield><fieldlabel>qmd_displayid</fieldlabel><fieldentry>22S2-IT2566-7</fieldentry></qti_metadatafield></qtimetadata></itemmetadata><itemproc_extension><d2l_2p0:difficulty>1</d2l_2p0:difficulty><d2l_2p0:isbonus>no</d2l_2p0:isbonus><d2l_2p0:ismandatory>no</d2l_2p0:ismandatory></itemproc_extension><presentation><flow><material><mattext texttype="text/html">&lt;p&gt;Select all birds.&lt;/p&gt;</mattext></material><response_extension><d2l_2p0:display_style>2</d2l_2p0:display_style><d2l_2p0:enumeration>6</d2l_2p0:enumeration><d2l_2p0:grading_type>1</d2l_2p0:grading_type></response_extension><response_lid ident="QUES_3911304_4034468_LID" rcardinality="Multiple"><render_choice shuffle="yes"><flow_label class="Block"><response_label ident="QUES_3911304_4034468_A14696089"><flow_mat><material><mattext texttype="text/html">&lt;p&gt;Merbok&lt;/p&gt;</mattext></material></flow_mat></response_label></flow_label><flow_label class="Block"><response_label ident="QUES_3911304_4034468_A14696090"><flow_mat><material><mattext texttype="text/html">&lt;p&gt;Toucan&lt;/p&gt;</mattext></material></flow_mat></response_label></flow_label><flow_label class="Block"><response_label ident="QUES_3911304_4034468_A14696091"><flow_mat><material><mattext texttype="text/html">&lt;p&gt;Corgi&lt;/p&gt;</mattext></material></flow_mat></response_label></flow_label><flow_label class="Block"><response_label ident="QUES_3911304_4034468_A14696092"><flow_mat><material><mattext texttype="text/html">&lt;p&gt;Maine Coon&lt;/p&gt;</mattext></material></flow_mat></response_label></flow_label></render_choice></response_lid></flow></presentation><resprocessing><outcomes><decvar vartype="Integer" defaultval="0" varname="que_score" minvalue="0" maxvalue="100" /><decvar vartype="Integer" defaultval="0" varname="D2L_Correct" minvalue="0" /><decvar vartype="Integer" defaultval="0" varname="D2L_Incorrect" minvalue="0" /></outcomes><respcondition title="Response Condition" continue="yes"><conditionvar><varequal respident="QUES_3911304_4034468_LID">QUES_3911304_4034468_A14696089</varequal></conditionvar><setvar varname="D2L_Correct" action="Add">1</setvar></respcondition><respcondition title="Response Condition" continue="yes"><conditionvar><varequal respident="QUES_3911304_4034468_LID">QUES_3911304_4034468_A14696090</varequal></conditionvar><setvar varname="D2L_Correct" action="Add">1</setvar></respcondition><respcondition title="Response Condition" continue="yes"><conditionvar><varequal respident="QUES_3911304_4034468_LID">QUES_3911304_4034468_A14696091</varequal></conditionvar><setvar varname="D2L_Incorrect" action="Add">1</setvar></respcondition><respcondition title="Response Condition" continue="yes"><conditionvar><varequal respident="QUES_3911304_4034468_LID">QUES_3911304_4034468_A14696092</varequal></conditionvar><setvar varname="D2L_Incorrect" action="Add">1</setvar></respcondition><respcondition><conditionvar><varlt respident="D2L_Incorrect">D2L_Correct</varlt></conditionvar><setvar varname="que_score" action="Set">D2L_Correct</setvar><setvar varname="que_score" action="Subtract">D2L_Incorrect</setvar></respcondition></resprocessing><itemfeedback ident="QUES_3911304_4034468_IF14696089"><material><mattext texttype="text/plain" /></material></itemfeedback><itemfeedback ident="QUES_3911304_4034468_IF14696090"><material><mattext texttype="text/plain" /></material></itemfeedback><itemfeedback ident="QUES_3911304_4034468_IF14696091"><material><mattext texttype="text/plain" /></material></itemfeedback><itemfeedback ident="QUES_3911304_4034468_IF14696092"><material><mattext texttype="text/plain" /></material></itemfeedback></item><item d2l_2p0:id="9" ident="OBJ_7126425" label="QUES_3911305_4034470" d2l_2p0:page="1"><itemmetadata><qtimetadata><qti_metadatafield><fieldlabel>qmd_computerscored</fieldlabel><fieldentry>yes</fieldentry></qti_metadatafield><qti_metadatafield><fieldlabel>qmd_questiontype</fieldlabel><fieldentry>Multi-Select</fieldentry></qti_metadatafield><qti_metadatafield><fieldlabel>qmd_weighting</fieldlabel><fieldentry>1.000000000</fieldentry></qti_metadatafield><qti_metadatafield><fieldlabel>qmd_globalid</fieldlabel><fieldentry>2009f2bb-853f-4aa2-be4d-e09c67382744</fieldentry></qti_metadatafield><qti_metadatafield><fieldlabel>qmd_displayid</fieldlabel><fieldentry>22S2-IT2566-8</fieldentry></qti_metadatafield></qtimetadata></itemmetadata><itemproc_extension><d2l_2p0:difficulty>1</d2l_2p0:difficulty><d2l_2p0:isbonus>no</d2l_2p0:isbonus><d2l_2p0:ismandatory>no</d2l_2p0:ismandatory></itemproc_extension><presentation><flow><material><mattext texttype="text/html">&lt;p&gt;Which of the following are NOT fishes?&lt;/p&gt;</mattext></material><response_extension><d2l_2p0:display_style>2</d2l_2p0:display_style><d2l_2p0:enumeration>6</d2l_2p0:enumeration><d2l_2p0:grading_type>1</d2l_2p0:grading_type></response_extension><response_lid ident="QUES_3911305_4034470_LID" rcardinality="Multiple"><render_choice shuffle="no"><flow_label class="Block"><response_label ident="QUES_3911305_4034470_A14696094"><flow_mat><material><mattext texttype="text/html">&lt;p&gt;Shark&lt;/p&gt;</mattext></material></flow_mat></response_label></flow_label><flow_label class="Block"><response_label ident="QUES_3911305_4034470_A14696095"><flow_mat><material><mattext texttype="text/html">&lt;p&gt;Mackeral&lt;/p&gt;</mattext></material></flow_mat></response_label></flow_label><flow_label class="Block"><response_label ident="QUES_3911305_4034470_A14696096"><flow_mat><material><mattext texttype="text/html">&lt;p&gt;Dolphin&lt;/p&gt;</mattext></material></flow_mat></response_label></flow_label><flow_label class="Block"><response_label ident="QUES_3911305_4034470_A14696097"><flow_mat><material><mattext texttype="text/html">&lt;p&gt;Tuna&lt;/p&gt;</mattext></material></flow_mat></response_label></flow_label><flow_label class="Block"><response_label ident="QUES_3911305_4034470_A14696098"><flow_mat><material><mattext texttype="text/html">&lt;p&gt;Manatee&lt;/p&gt;</mattext></material></flow_mat></response_label></flow_label></render_choice></response_lid></flow></presentation><resprocessing><outcomes><decvar vartype="Integer" defaultval="0" varname="que_score" minvalue="0" maxvalue="100" /><decvar vartype="Integer" defaultval="0" varname="D2L_Correct" minvalue="0" /><decvar vartype="Integer" defaultval="0" varname="D2L_Incorrect" minvalue="0" /></outcomes><respcondition title="Response Condition" continue="yes"><conditionvar><varequal respident="QUES_3911305_4034470_LID">QUES_3911305_4034470_A14696094</varequal></conditionvar><setvar varname="D2L_Incorrect" action="Add">1</setvar></respcondition><respcondition title="Response Condition" continue="yes"><conditionvar><varequal respident="QUES_3911305_4034470_LID">QUES_3911305_4034470_A14696095</varequal></conditionvar><setvar varname="D2L_Incorrect" action="Add">1</setvar></respcondition><respcondition title="Response Condition" continue="yes"><conditionvar><varequal respident="QUES_3911305_4034470_LID">QUES_3911305_4034470_A14696096</varequal></conditionvar><setvar varname="D2L_Correct" action="Add">1</setvar></respcondition><respcondition title="Response Condition" continue="yes"><conditionvar><varequal respident="QUES_3911305_4034470_LID">QUES_3911305_4034470_A14696097</varequal></conditionvar><setvar varname="D2L_Incorrect" action="Add">1</setvar></respcondition><respcondition title="Response Condition" continue="yes"><conditionvar><varequal respident="QUES_3911305_4034470_LID">QUES_3911305_4034470_A14696098</varequal></conditionvar><setvar varname="D2L_Correct" action="Add">1</setvar></respcondition><respcondition><conditionvar><varlt respident="D2L_Incorrect">D2L_Correct</varlt></conditionvar><setvar varname="que_score" action="Set">D2L_Correct</setvar><setvar varname="que_score" action="Subtract">D2L_Incorrect</setvar></respcondition></resprocessing><itemfeedback ident="QUES_3911305_4034470_IF14696094"><material><mattext texttype="text/plain" /></material></itemfeedback><itemfeedback ident="QUES_3911305_4034470_IF14696095"><material><mattext texttype="text/plain" /></material></itemfeedback><itemfeedback ident="QUES_3911305_4034470_IF14696096"><material><mattext texttype="text/plain" /></material></itemfeedback><itemfeedback ident="QUES_3911305_4034470_IF14696097"><material><mattext texttype="text/plain" /></material></itemfeedback><itemfeedback ident="QUES_3911305_4034470_IF14696098"><material><mattext texttype="text/plain" /></material></itemfeedback></item><item d2l_2p0:id="10" ident="OBJ_7126426" label="QUES_3911306_4034472" d2l_2p0:page="1"><itemmetadata><qtimetadata><qti_metadatafield><fieldlabel>qmd_computerscored</fieldlabel><fieldentry>yes</fieldentry></qti_metadatafield><qti_metadatafield><fieldlabel>qmd_questiontype</fieldlabel><fieldentry>Multi-Select</fieldentry></qti_metadatafield><qti_metadatafield><fieldlabel>qmd_weighting</fieldlabel><fieldentry>1.000000000</fieldentry></qti_metadatafield><qti_metadatafield><fieldlabel>qmd_globalid</fieldlabel><fieldentry>4986ef5c-d221-4a59-81e7-1f2420a8242f</fieldentry></qti_metadatafield><qti_metadatafield><fieldlabel>qmd_displayid</fieldlabel><fieldentry>22S2-IT2566-10</fieldentry></qti_metadatafield></qtimetadata></itemmetadata><itemproc_extension><d2l_2p0:difficulty>1</d2l_2p0:difficulty><d2l_2p0:isbonus>no</d2l_2p0:isbonus><d2l_2p0:ismandatory>no</d2l_2p0:ismandatory></itemproc_extension><presentation><flow><material><mattext texttype="text/html">&lt;p&gt;Which of the following are malware?&lt;/p&gt;</mattext></material><response_extension><d2l_2p0:display_style>2</d2l_2p0:display_style><d2l_2p0:enumeration>6</d2l_2p0:enumeration><d2l_2p0:grading_type>1</d2l_2p0:grading_type></response_extension><response_lid ident="QUES_3911306_4034472_LID" rcardinality="Multiple"><render_choice shuffle="yes"><flow_label class="Block"><response_label ident="QUES_3911306_4034472_A14696103"><flow_mat><material><mattext texttype="text/html">&lt;p&gt;Rootkits&lt;/p&gt;</mattext></material></flow_mat></response_label></flow_label><flow_label class="Block"><response_label ident="QUES_3911306_4034472_A14696104"><flow_mat><material><mattext texttype="text/html">&lt;p&gt;Ransomware&lt;/p&gt;</mattext></material></flow_mat></response_label></flow_label><flow_label class="Block"><response_label ident="QUES_3911306_4034472_A14696105"><flow_mat><material><mattext texttype="text/html">&lt;p&gt;Keyloggers&lt;/p&gt;</mattext></material></flow_mat></response_label></flow_label><flow_label class="Block"><response_label ident="QUES_3911306_4034472_A14696106"><flow_mat><material><mattext texttype="text/html">&lt;p&gt;Phishing&lt;/p&gt;</mattext></material></flow_mat></response_label></flow_label><flow_label class="Block"><response_label ident="QUES_3911306_4034472_A14696107"><flow_mat><material><mattext texttype="text/html">&lt;p&gt;Rainbow Tables&lt;/p&gt;</mattext></material></flow_mat></response_label></flow_label></render_choice></response_lid></flow></presentation><resprocessing><outcomes><decvar vartype="Integer" defaultval="0" varname="que_score" minvalue="0" maxvalue="100" /><decvar vartype="Integer" defaultval="0" varname="D2L_Correct" minvalue="0" /><decvar vartype="Integer" defaultval="0" varname="D2L_Incorrect" minvalue="0" /></outcomes><respcondition title="Response Condition" continue="yes"><conditionvar><varequal respident="QUES_3911306_4034472_LID">QUES_3911306_4034472_A14696103</varequal></conditionvar><setvar varname="D2L_Correct" action="Add">1</setvar></respcondition><respcondition title="Response Condition" continue="yes"><conditionvar><varequal respident="QUES_3911306_4034472_LID">QUES_3911306_4034472_A14696104</varequal></conditionvar><setvar varname="D2L_Correct" action="Add">1</setvar></respcondition><respcondition title="Response Condition" continue="yes"><conditionvar><varequal respident="QUES_3911306_4034472_LID">QUES_3911306_4034472_A14696105</varequal></conditionvar><setvar varname="D2L_Correct" action="Add">1</setvar></respcondition><respcondition title="Response Condition" continue="yes"><conditionvar><varequal respident="QUES_3911306_4034472_LID">QUES_3911306_4034472_A14696106</varequal></conditionvar><setvar varname="D2L_Incorrect" action="Add">1</setvar></respcondition><respcondition title="Response Condition" continue="yes"><conditionvar><varequal respident="QUES_3911306_4034472_LID">QUES_3911306_4034472_A14696107</varequal></conditionvar><setvar varname="D2L_Incorrect" action="Add">1</setvar></respcondition><respcondition><conditionvar><varlt respident="D2L_Incorrect">D2L_Correct</varlt></conditionvar><setvar varname="que_score" action="Set">D2L_Correct</setvar><setvar varname="que_score" action="Subtract">D2L_Incorrect</setvar></respcondition></resprocessing><itemfeedback ident="QUES_3911306_4034472_IF14696103"><material><mattext texttype="text/plain" /></material></itemfeedback><itemfeedback ident="QUES_3911306_4034472_IF14696104"><material><mattext texttype="text/plain" /></material></itemfeedback><itemfeedback ident="QUES_3911306_4034472_IF14696105"><material><mattext texttype="text/plain" /></material></itemfeedback><itemfeedback ident="QUES_3911306_4034472_IF14696106"><material><mattext texttype="text/plain" /></material></itemfeedback><itemfeedback ident="QUES_3911306_4034472_IF14696107"><material><mattext texttype="text/plain" /></material></itemfeedback></item><item d2l_2p0:id="11" ident="OBJ_7126427" label="QUES_3911307_4035321" d2l_2p0:page="1"><itemmetadata><qtimetadata><qti_metadatafield><fieldlabel>qmd_computerscored</fieldlabel><fieldentry>yes</fieldentry></qti_metadatafield><qti_metadatafield><fieldlabel>qmd_questiontype</fieldlabel><fieldentry>Long Answer</fieldentry></qti_metadatafield><qti_metadatafield><fieldlabel>qmd_weighting</fieldlabel><fieldentry>4.000000000</fieldentry></qti_metadatafield><qti_metadatafield><fieldlabel>qmd_globalid</fieldlabel><fieldentry>e9cd5445-5e40-4d8e-9d5f-72d21a2d6a93</fieldentry></qti_metadatafield><qti_metadatafield><fieldlabel>qmd_displayid</fieldlabel><fieldentry>22S2-IT2566-11</fieldentry></qti_metadatafield></qtimetadata></itemmetadata><itemproc_extension><d2l_2p0:difficulty>1</d2l_2p0:difficulty><d2l_2p0:isbonus>no</d2l_2p0:isbonus><d2l_2p0:ismandatory>no</d2l_2p0:ismandatory></itemproc_extension><presentation><flow><material><mattext texttype="text/html">&lt;p&gt;Lorem ipsum dolor sit amet, &lt;strong&gt;consectetur adipiscing elit&lt;/strong&gt;. &lt;em&gt;Nam eget ante&lt;/em&gt; &lt;a rel="noopener" href="https://nyp.edu.sg"&gt;vitae turpis scelerisque&lt;/a&gt; semper.&lt;/p&gt;
&lt;h2&gt;Tip&lt;/h2&gt;
&lt;p&gt;&lt;span style="color: #e87511;"&gt;Pellentesque&lt;/span&gt; habitant &lt;span style="text-decoration: underline;"&gt;morbi tristique senectus&lt;/span&gt; et &lt;span style="text-decoration: line-through;"&gt;netus et malesuada&lt;/span&gt; fames ac turpis egestas. a x a = a&lt;sup&gt;2&lt;/sup&gt;. CO&lt;sub&gt;2&lt;/sub&gt;&lt;/p&gt;</mattext></material><response_extension><d2l_2p0:has_signed_comments>no</d2l_2p0:has_signed_comments><d2l_2p0:has_htmleditor>no</d2l_2p0:has_htmleditor><d2l_2p0:has_fileupload>no</d2l_2p0:has_fileupload></response_extension><response_str ident="QUES_3911307_4035321_STR" rcardinality="Multiple"><render_fib rows="15" columns="100" prompt="Box" fibtype="String"><response_label ident="QUES_3911307_4035321_LA"><material><mattext texttype="text/plain" /></material></response_label></render_fib></response_str></flow></presentation><answer_key><answer_key_material><flow_mat><material><mattext texttype="text/html">&lt;p&gt;Donec semper mauris quam, eget egestas nisl ornare non. Sed massa nulla, pharetra at interdum sit amet, pulvinar in turpis. Mauris risus dui, maximus id urna quis, aliquam rhoncus elit. Duis vestibulum augue eu finibus viverra. Cras dapibus tempor interdum. Aliquam et quam orci.&amp;#160;&lt;/p&gt;</mattext></material></flow_mat></answer_key_material></answer_key></item><item d2l_2p0:id="12" ident="OBJ_7126428" label="QUES_3911308_4035330" d2l_2p0:page="1"><itemmetadata><qtimetadata><qti_metadatafield><fieldlabel>qmd_computerscored</fieldlabel><fieldentry>yes</fieldentry></qti_metadatafield><qti_metadatafield><fieldlabel>qmd_questiontype</fieldlabel><fieldentry>Long Answer</fieldentry></qti_metadatafield><qti_metadatafield><fieldlabel>qmd_weighting</fieldlabel><fieldentry>6.000000000</fieldentry></qti_metadatafield><qti_metadatafield><fieldlabel>qmd_globalid</fieldlabel><fieldentry>c42fc257-49e9-49b6-8895-e3c9622deee8</fieldentry></qti_metadatafield><qti_metadatafield><fieldlabel>qmd_displayid</fieldlabel><fieldentry>22S2-IT2566-12</fieldentry></qti_metadatafield></qtimetadata></itemmetadata><itemproc_extension><d2l_2p0:difficulty>1</d2l_2p0:difficulty><d2l_2p0:isbonus>no</d2l_2p0:isbonus><d2l_2p0:ismandatory>no</d2l_2p0:ismandatory></itemproc_extension><presentation><flow><material><mattext texttype="text/html">&lt;p&gt;Lorem ipsum dolor sit amet, consectetur adipiscing elit. In egestas, risus in interdum congue, arcu risus molestie metus, a feugiat dolor lacus eu libero. In lobortis euismod tincidunt. Cras rutrum elementum purus, eu vulputate felis mattis dapibus.&lt;/p&gt;
&lt;p style="text-align: center;"&gt;Pellentesque molestie lorem non nunc tempus, ac mattis tortor finibus. Nunc vestibulum lobortis tortor, placerat hendrerit justo tempus ac. Aenean feugiat ac massa vel posuere. Nulla efficitur vehicula nisi, ac iaculis velit accumsan ac.&lt;/p&gt;
&lt;p style="text-align: right;"&gt;Quisque malesuada turpis eu posuere fermentum. Suspendisse sapien nisl, condimentum in ultricies at, porttitor sit amet odio. Praesent quis orci eu purus bibendum venenatis ac nec sapien. Donec neque turpis, faucibus eu bibendum et, mollis eget diam. Vestibulum porttitor sed dolor ac vehicula. Nullam ut tellus porta felis sollicitudin malesuada. Pellentesque et turpis nisi.&lt;/p&gt;
&lt;p style="padding-left: 40px;"&gt;Maecenas vehicula, nibh nec ultricies posuere, quam ex blandit nisi, at faucibus felis mauris vel arcu. Morbi tincidunt dictum eleifend. Integer iaculis condimentum interdum. Maecenas molestie sem leo, sed pretium nunc laoreet in.&lt;/p&gt;
&lt;ul&gt;
&lt;li&gt;Sed et purus vulputate nisl suscipit tincidunt quis ac dolor.
&lt;ul&gt;
&lt;li&gt;Duis quis tortor eget lacus aliquet lobortis.
&lt;ul&gt;
&lt;li&gt;Morbi aliquet porttitor elit, vitae rutrum est placerat ut.&lt;/li&gt;
&lt;li&gt;Etiam vitae felis vulputate, accumsan velit eget, tristique mi.&lt;/li&gt;
&lt;/ul&gt;
&lt;/li&gt;
&lt;/ul&gt;
&lt;/li&gt;
&lt;li&gt;Suspendisse sed elit sit amet metus commodo consequat non vitae tortor.&lt;/li&gt;
&lt;/ul&gt;
&lt;p&gt;&lt;img src="Marketing%20NYP%20Logo_RGB.jpg" alt="NYP Logo" title="NYP Logo" style="max-width: 100%;float: right;"/&gt;&lt;/p&gt;
&lt;p&gt;&lt;/p&gt;
&lt;p&gt;Aenean varius, mauris at finibus dignissim, quam turpis lacinia lacus, a fermentum ipsum libero ut ante. Maecenas consequat in sapien sit amet dapibus. Morbi sem ante, tristique et sodales ut, efficitur vestibulum lorem. Aliquam erat volutpat.&lt;/p&gt;</mattext></material><response_extension><d2l_2p0:has_signed_comments>no</d2l_2p0:has_signed_comments><d2l_2p0:has_htmleditor>no</d2l_2p0:has_htmleditor><d2l_2p0:has_fileupload>no</d2l_2p0:has_fileupload></response_extension><response_str ident="QUES_3911308_4035330_STR" rcardinality="Multiple"><render_fib rows="15" columns="100" prompt="Box" fibtype="String"><response_label ident="QUES_3911308_4035330_LA"><material><mattext texttype="text/plain" /></material></response_label></render_fib></response_str></flow></presentation><answer_key><answer_key_material><flow_mat><material><mattext texttype="text/html">&lt;p&gt;Proin consectetur tempus neque quis tristique. Integer id nulla justo. Nulla convallis bibendum fringilla. Suspendisse diam nulla, posuere tristique ipsum non, lobortis commodo elit. Nunc eu quam sit amet risus consectetur dapibus fringilla eu arcu.&lt;/p&gt;
&lt;table border="1" style="border-collapse: collapse;width: 100.03%;"&gt;
&lt;thead&gt;
&lt;tr&gt;
&lt;td style="width: 22.3906%;"&gt;Item&lt;/td&gt;
&lt;td style="width: 22.3906%;"&gt;Criteria 1&lt;/td&gt;
&lt;td style="width: 22.3906%;"&gt;Criteria 2&lt;/td&gt;
&lt;td style="width: 22.3906%;"&gt;Criteria 3&lt;/td&gt;
&lt;/tr&gt;
&lt;/thead&gt;
&lt;tbody&gt;
&lt;tr&gt;
&lt;td style="width: 22.3906%;"&gt;1&lt;/td&gt;
&lt;td style="width: 22.3906%;"&gt;Aliquam eleifend eget elit auctor blandit. Vestibulum sed tortor mi. Nunc efficitur diam ut tortor pellentesque, auctor auctor dolor dictum.&amp;#160;&lt;/td&gt;
&lt;td style="width: 22.3906%;"&gt;Vivamus enim arcu, dictum a placerat quis, pulvinar eget nulla.&lt;/td&gt;
&lt;td style="width: 22.3906%;"&gt;
&lt;p&gt;Quisque iaculis neque eget mi dictum, eget hendrerit risus sodales.&lt;/p&gt;
&lt;p&gt;Aenean convallis efficitur elementum.&lt;/p&gt;
&lt;/td&gt;
&lt;/tr&gt;
&lt;tr&gt;
&lt;td style="width: 22.3906%;"&gt;2&lt;/td&gt;
&lt;td style="width: 22.3906%;"&gt;Duis a est fermentum, mollis turpis sed, lacinia est. Nunc sapien diam, congue convallis nisl id, aliquet molestie augue. Suspendisse potenti.&amp;#160;&lt;/td&gt;
&lt;td style="width: 22.3906%;"&gt;
&lt;p&gt;Pellentesque non venenatis lacus, sed ullamcorper eros.&lt;/p&gt;
&lt;p&gt;Nullam molestie suscipit enim, vitae egestas massa efficitur vel. Etiam maximus venenatis libero.&lt;/p&gt;
&lt;/td&gt;
&lt;td style="width: 22.3906%;"&gt;Integer maximus tincidunt libero at molestie. Proin congue felis velit, ac convallis mi scelerisque ac.&lt;/td&gt;
&lt;/tr&gt;
&lt;/tbody&gt;
&lt;/table&gt;</mattext></material></flow_mat></answer_key_material></answer_key></item><item d2l_2p0:id="13" ident="OBJ_7126429" label="QUES_3911309_4034475" d2l_2p0:page="1"><itemmetadata><qtimetadata><qti_metadatafield><fieldlabel>qmd_computerscored</fieldlabel><fieldentry>yes</fieldentry></qti_metadatafield><qti_metadatafield><fieldlabel>qmd_questiontype</fieldlabel><fieldentry>Long Answer</fieldentry></qti_metadatafield><qti_metadatafield><fieldlabel>qmd_weighting</fieldlabel><fieldentry>3.000000000</fieldentry></qti_metadatafield><qti_metadatafield><fieldlabel>qmd_globalid</fieldlabel><fieldentry>5b14b99b-35c0-412b-889d-10e5319e3bb1</fieldentry></qti_metadatafield><qti_metadatafield><fieldlabel>qmd_displayid</fieldlabel><fieldentry>22S2-IT2566-13</fieldentry></qti_metadatafield></qtimetadata></itemmetadata><itemproc_extension><d2l_2p0:difficulty>1</d2l_2p0:difficulty><d2l_2p0:isbonus>no</d2l_2p0:isbonus><d2l_2p0:ismandatory>no</d2l_2p0:ismandatory></itemproc_extension><presentation><flow><material><mattext texttype="text/html">&lt;ol&gt;
&lt;li&gt;Etiam faucibus scelerisque velit, et faucibus ipsum porta auctor. Aliquam erat volutpat.&lt;/li&gt;
&lt;li&gt;Quisque hendrerit fringilla tellus in viverra.&lt;/li&gt;
&lt;/ol&gt;</mattext></material><response_extension><d2l_2p0:has_signed_comments>no</d2l_2p0:has_signed_comments><d2l_2p0:has_htmleditor>no</d2l_2p0:has_htmleditor><d2l_2p0:has_fileupload>no</d2l_2p0:has_fileupload></response_extension><response_str ident="QUES_3911309_4034475_STR" rcardinality="Multiple"><render_fib rows="15" columns="100" prompt="Box" fibtype="String"><response_label ident="QUES_3911309_4034475_LA"><material><mattext texttype="text/plain" /></material></response_label></render_fib></response_str></flow></presentation><answer_key><answer_key_material><flow_mat><material><mattext texttype="text/html">&lt;ul&gt;
&lt;li&gt;Morbi sem dolor, hendrerit vitae tempor sit amet, efficitur sit amet nisl. In dapibus mi ac ex accumsan dapibus.&lt;/li&gt;
&lt;li&gt;Nulla eu malesuada tellus. Sed lacinia elit sed lobortis suscipit. Pellentesque eleifend dui lectus, eu dictum ipsum faucibus vitae.&lt;/li&gt;
&lt;li&gt;Sed eget posuere nulla. Maecenas vel quam neque. Suspendisse potenti. Donec bibendum turpis at lacus imperdiet molestie.&lt;/li&gt;
&lt;/ul&gt;</mattext></material></flow_mat></answer_key_material></answer_key></item><item d2l_2p0:id="14" ident="OBJ_7126430" label="QUES_3911310_4034476" d2l_2p0:page="1"><itemmetadata><qtimetadata><qti_metadatafield><fieldlabel>qmd_computerscored</fieldlabel><fieldentry>yes</fieldentry></qti_metadatafield><qti_metadatafield><fieldlabel>qmd_questiontype</fieldlabel><fieldentry>Short Answer</fieldentry></qti_metadatafield><qti_metadatafield><fieldlabel>qmd_weighting</fieldlabel><fieldentry>3.000000000</fieldentry></qti_metadatafield><qti_metadatafield><fieldlabel>qmd_globalid</fieldlabel><fieldentry>29dd1461-3991-4fd6-b7f7-9fc8b34745e6</fieldentry></qti_metadatafield><qti_metadatafield><fieldlabel>qmd_displayid</fieldlabel><fieldentry>22S2-IT2566-14</fieldentry></qti_metadatafield></qtimetadata></itemmetadata><itemproc_extension><d2l_2p0:difficulty>1</d2l_2p0:difficulty><d2l_2p0:isbonus>no</d2l_2p0:isbonus><d2l_2p0:ismandatory>no</d2l_2p0:ismandatory></itemproc_extension><presentation><flow><material><mattext texttype="text/html">&lt;p&gt;What are the three (3) colours in RGB?&lt;/p&gt;</mattext></material><response_extension><d2l_2p0:grading_type>0</d2l_2p0:grading_type></response_extension><response_str ident="QUES_3911310_4034476_A14696111_STR" rcardinality="Single"><render_fib rows="1" columns="60" prompt="Box" fibtype="String"><response_label ident="QUES_3911310_4034476_A14696111_ANS" /></render_fib></response_str><response_str ident="QUES_3911310_4034476_A14696112_STR" rcardinality="Single"><render_fib rows="1" columns="60" prompt="Box" fibtype="String"><response_label ident="QUES_3911310_4034476_A14696112_ANS" /></render_fib></response_str><response_str ident="QUES_3911310_4034476_A14696113_STR" rcardinality="Single"><render_fib rows="1" columns="60" prompt="Box" fibtype="String"><response_label ident="QUES_3911310_4034476_A14696113_ANS" /></render_fib></response_str></flow></presentation><resprocessing><outcomes><decvar vartype="Integer" minvalue="0" maxvalue="100" varname="Blank_1" /><decvar vartype="Integer" minvalue="0" maxvalue="100" varname="Blank_2" /><decvar vartype="Integer" minvalue="0" maxvalue="100" varname="Blank_3" /></outcomes><respcondition><conditionvar><varequal respident="QUES_3911310_4034476_A14696111_ANS" case="no">Red</varequal></conditionvar><setvar action="Set">33.333333333</setvar></respcondition><respcondition><conditionvar><varequal respident="QUES_3911310_4034476_A14696112_ANS" case="no">Green</varequal></conditionvar><setvar action="Set">33.333333333</setvar></respcondition><respcondition><conditionvar><varequal respident="QUES_3911310_4034476_A14696113_ANS" case="no">Blue</varequal></conditionvar><setvar action="Set">33.333333333</setvar></respcondition><respcondition><conditionvar><other /></conditionvar><setvar varname="que_score" action="Set">D2L_Correct</setvar></respcondition></resprocessing></item><item d2l_2p0:id="15" ident="OBJ_7126431" label="QUES_3911311_4034477" d2l_2p0:page="1"><itemmetadata><qtimetadata><qti_metadatafield><fieldlabel>qmd_computerscored</fieldlabel><fieldentry>yes</fieldentry></qti_metadatafield><qti_metadatafield><fieldlabel>qmd_questiontype</fieldlabel><fieldentry>Short Answer</fieldentry></qti_metadatafield><qti_metadatafield><fieldlabel>qmd_weighting</fieldlabel><fieldentry>4.000000000</fieldentry></qti_metadatafield><qti_metadatafield><fieldlabel>qmd_globalid</fieldlabel><fieldentry>2095cf59-416a-4fc9-8cb1-0f55ec271e1c</fieldentry></qti_metadatafield><qti_metadatafield><fieldlabel>qmd_displayid</fieldlabel><fieldentry>22S2-IT2566-15</fieldentry></qti_metadatafield></qtimetadata></itemmetadata><itemproc_extension><d2l_2p0:difficulty>1</d2l_2p0:difficulty><d2l_2p0:isbonus>no</d2l_2p0:isbonus><d2l_2p0:ismandatory>no</d2l_2p0:ismandatory></itemproc_extension><presentation><flow><material><mattext texttype="text/html">&lt;p&gt;Name the other four (4) polytechnics. Use abbreviations (e.g. NYP)&lt;/p&gt;</mattext></material><response_extension><d2l_2p0:grading_type>0</d2l_2p0:grading_type></response_extension><response_str ident="QUES_3911311_4034477_A14696114_STR" rcardinality="Single"><render_fib rows="1" columns="60" prompt="Box" fibtype="String"><response_label ident="QUES_3911311_4034477_A14696114_ANS" /></render_fib></response_str><response_str ident="QUES_3911311_4034477_A14696115_STR" rcardinality="Single"><render_fib rows="1" columns="60" prompt="Box" fibtype="String"><response_label ident="QUES_3911311_4034477_A14696115_ANS" /></render_fib></response_str><response_str ident="QUES_3911311_4034477_A14696116_STR" rcardinality="Single"><render_fib rows="1" columns="60" prompt="Box" fibtype="String"><response_label ident="QUES_3911311_4034477_A14696116_ANS" /></render_fib></response_str><response_str ident="QUES_3911311_4034477_A14696117_STR" rcardinality="Single"><render_fib rows="1" columns="60" prompt="Box" fibtype="String"><response_label ident="QUES_3911311_4034477_A14696117_ANS" /></render_fib></response_str></flow></presentation><resprocessing><outcomes><decvar vartype="Integer" minvalue="0" maxvalue="100" varname="Blank_1" /><decvar vartype="Integer" minvalue="0" maxvalue="100" varname="Blank_2" /><decvar vartype="Integer" minvalue="0" maxvalue="100" varname="Blank_3" /><decvar vartype="Integer" minvalue="0" maxvalue="100" varname="Blank_4" /></outcomes><respcondition><conditionvar><varequal respident="QUES_3911311_4034477_A14696114_ANS" case="no">TP</varequal></conditionvar><setvar action="Set">25.000000000</setvar></respcondition><respcondition><conditionvar><varequal respident="QUES_3911311_4034477_A14696115_ANS" case="no">SP</varequal></conditionvar><setvar action="Set">25.000000000</setvar></respcondition><respcondition><conditionvar><varequal respident="QUES_3911311_4034477_A14696116_ANS" case="no">NP</varequal></conditionvar><setvar action="Set">25.000000000</setvar></respcondition><respcondition><conditionvar><varequal respident="QUES_3911311_4034477_A14696117_ANS" case="no">RP</varequal></conditionvar><setvar action="Set">25.000000000</setvar></respcondition><respcondition><conditionvar><other /></conditionvar><setvar varname="que_score" action="Set">D2L_Correct</setvar></respcondition></resprocessing></item><item d2l_2p0:id="16" ident="OBJ_7126432" label="QUES_3911312_4034483" d2l_2p0:page="1"><itemmetadata><qtimetadata><qti_metadatafield><fieldlabel>qmd_computerscored</fieldlabel><fieldentry>yes</fieldentry></qti_metadatafield><qti_metadatafield><fieldlabel>qmd_questiontype</fieldlabel><fieldentry>Multi-Short Answer</fieldentry></qti_metadatafield><qti_metadatafield><fieldlabel>qmd_weighting</fieldlabel><fieldentry>3.000000000</fieldentry></qti_metadatafield><qti_metadatafield><fieldlabel>qmd_globalid</fieldlabel><fieldentry>57e7a210-5560-4ec4-ab9e-7906bc9616a7</fieldentry></qti_metadatafield><qti_metadatafield><fieldlabel>qmd_displayid</fieldlabel><fieldentry>22S2-IT2566-16</fieldentry></qti_metadatafield></qtimetadata></itemmetadata><itemproc_extension><d2l_2p0:difficulty>1</d2l_2p0:difficulty><d2l_2p0:isbonus>no</d2l_2p0:isbonus><d2l_2p0:ismandatory>no</d2l_2p0:ismandatory></itemproc_extension><presentation><flow><material><mattext texttype="text/html">&lt;p&gt;Name any three (3) of the OSI layers.&amp;#160;&lt;/p&gt;</mattext></material><response_str ident="QUES_3911312_4034483_A14696137_STR" rcardinality="Single"><render_fib d2l_2p0:input_boxes="3" rows="1" columns="40" prompt="Box" fibtype="String"><response_label ident="QUES_3911312_4034483_A14696137_ANS" /></render_fib></response_str></flow></presentation><resprocessing><respcondition><conditionvar><varequal respident="QUES_3911312_4034483_A14696137_ANS" case="no">Application</varequal></conditionvar><setvar action="Set">33.330000000</setvar></respcondition><respcondition><conditionvar><varequal respident="QUES_3911312_4034483_A14696137_ANS" case="no">Presentation</varequal></conditionvar><setvar action="Set">33.330000000</setvar></respcondition><respcondition><conditionvar><varequal respident="QUES_3911312_4034483_A14696137_ANS" case="no">Session</varequal></conditionvar><setvar action="Set">33.330000000</setvar></respcondition><respcondition><conditionvar><varequal respident="QUES_3911312_4034483_A14696137_ANS" case="no">Transport</varequal></conditionvar><setvar action="Set">33.330000000</setvar></respcondition><respcondition><conditionvar><varequal respident="QUES_3911312_4034483_A14696137_ANS" case="no">Network</varequal></conditionvar><setvar action="Set">33.330000000</setvar></respcondition><respcondition><conditionvar><varequal respident="QUES_3911312_4034483_A14696137_ANS" case="no">Data Link</varequal></conditionvar><setvar action="Set">33.330000000</setvar></respcondition><respcondition><conditionvar><varequal respident="QUES_3911312_4034483_A14696137_ANS" case="no">Physical</varequal></conditionvar><setvar action="Set">33.330000000</setvar></respcondition></resprocessing></item><item d2l_2p0:id="17" ident="OBJ_7126433" label="QUES_3911313_4034486" d2l_2p0:page="1"><itemmetadata><qtimetadata><qti_metadatafield><fieldlabel>qmd_computerscored</fieldlabel><fieldentry>yes</fieldentry></qti_metadatafield><qti_metadatafield><fieldlabel>qmd_questiontype</fieldlabel><fieldentry>Fill in the Blanks</fieldentry></qti_metadatafield><qti_metadatafield><fieldlabel>qmd_weighting</fieldlabel><fieldentry>1.000000000</fieldentry></qti_metadatafield><qti_metadatafield><fieldlabel>qmd_globalid</fieldlabel><fieldentry>802cb83d-0e16-4f5a-a6a1-a8cc1fe8b505</fieldentry></qti_metadatafield><qti_metadatafield><fieldlabel>qmd_displayid</fieldlabel><fieldentry>22S2-IT2566-17</fieldentry></qti_metadatafield></qtimetadata></itemmetadata><itemproc_extension><d2l_2p0:difficulty>1</d2l_2p0:difficulty><d2l_2p0:isbonus>no</d2l_2p0:isbonus><d2l_2p0:ismandatory>no</d2l_2p0:ismandatory></itemproc_extension><presentation><flow><material><mattext texttype="text/html">There are</mattext></material><response_str ident="QUES_3911313_4034486_A14696150_STR" rcardinality="Single"><render_fib rows="1" columns="30" prompt="Box" fibtype="String"><response_label ident="QUES_3911313_4034486_A14696150_ANS" /></render_fib></response_str><material><mattext texttype="text/html">type(s) of IDS. One of them is&amp;#160;</mattext></material><response_str ident="QUES_3911313_4034486_A14696152_STR" rcardinality="Single"><render_fib rows="1" columns="30" prompt="Box" fibtype="String"><response_label ident="QUES_3911313_4034486_A14696152_ANS" /></render_fib></response_str><material><mattext texttype="text/html">based.</mattext></material></flow></presentation><resprocessing><outcomes><decvar vartype="Integer" minvalue="0" maxvalue="100" varname="Blank_1" /><decvar vartype="Integer" minvalue="0" maxvalue="100" varname="Blank_2" /></outcomes><respcondition><conditionvar><varequal respident="QUES_3911313_4034486_A14696150_ANS" case="no">2</varequal></conditionvar><setvar action="Set">50.000000000</setvar></respcondition><respcondition><conditionvar><varequal respident="QUES_3911313_4034486_A14696150_ANS" case="no">two</varequal></conditionvar><setvar action="Set">50.000000000</setvar></respcondition><respcondition><conditionvar><varequal respident="QUES_3911313_4034486_A14696152_ANS" case="no">network</varequal></conditionvar><setvar action="Set">50.000000000</setvar></respcondition><respcondition><conditionvar><varequal respident="QUES_3911313_4034486_A14696152_ANS" case="no">host</varequal></conditionvar><setvar action="Set">50.000000000</setvar></respcondition></resprocessing></item></section></objectbank></questestinterop>